stories_id,publish_date,title,url,language,ap_syndicated,inlink_count,facebook_share_count,outlink_count,media_inlink_count,media_id,media_name,media_url
659038846,7/8/17 18:07,Donald Trump Jr. gathered members of campaign for meeting with Russian lawyer before election,https://www.circa.com/story/2017/07/08/donald-trump-jr-met-with-russian-lawyer-during-election-but-didnt-follow-up,en,,24,7501,0,20,300739,circa.com,
661557329,7/9/17 9:48,Russian lawyer who got inside Donald Trump’s inner circle had been denied US visa,https://www.circa.com/story/2017/07/09/politics/russian-lawyer-who-got-inside-donald-trumps-inner-circle-had-been-denied-us-visa,en,,7,2382,0,5,300739,circa.com,
692010408,7/10/17 8:00,The Senate Judiciary Committee wants Donald Trump Jr. to testify about his meeting with a Russian lawyer,https://www.circa.com/story/2017/07/10/politics/trump-jr-was-told-russia-may-be-behind-possible-clinton-info,en,,0,3849,0,0,300739,circa.com,
655796990,7/11/17 18:44,Well Lookie Here=> Russian Lawyer Veselnitskaya is Pictured with Obama Ambassador to Russia &#8211; 8 Days After Trump Jr. Mtg.,http://www.thegatewaypundit.com/2017/07/well-lookie-russian-lawyer-veselnitskaya-pictured-obama-ambassador-russia-8-days-trump-jr-mtg/,en,,13,53397,1,10,25444,GatewayPundit,
656141637,7/12/17 10:18,Russian Lawyer Veselnitskaya Posted Picture on Facebook from inside John McCain&#8217;s Office,http://www.thegatewaypundit.com/2017/07/russian-lawyer-veselnitskaya-posted-picture-facebook-inside-john-mccains-office/,en,,3,22760,1,3,25444,GatewayPundit,
656952194,7/13/17 17:06,MELANIA TRUMP DAZZLES PARIS &#8211; Speaks French to Children at Paris Hospital,http://www.thegatewaypundit.com/2017/07/melania-trump-dazzles-paris-speaks-french-children-paris-hospital/,en,,1,7762,1,1,25444,GatewayPundit,
656141661,7/12/17 9:03,PRESIDENT TRUMP Defends Son Don Jr. from Democrat Media in Greatest Witchhunt in Political History,http://www.thegatewaypundit.com/2017/07/president-trump-defends-son-don-jr-democrat-media-greatest-witchhunt-political-history/,en,,1,402,0,1,25444,GatewayPundit,
656928215,7/13/17 9:37,Breaking: TOP HILLARY SUPPORTER Was Russian Lawyer Veselnitskaya&#8217;s Chaperone in Washington DC,http://www.thegatewaypundit.com/2017/07/breaking-top-hillary-supporter-russian-lawyer-veselnitskayas-chaperone-washington-dc/,en,,1,2925,1,1,25444,GatewayPundit,
656928145,7/13/17 14:29,POTUS TRUMP Defends Son in Paris: He&#8217;s a &#8220;Wonderful Young Man &#8211; Most People Would Have Taken That Meeting&#8221; (Video),http://www.thegatewaypundit.com/2017/07/potus-trump-defends-son-paris-hes-wonderful-young-man-people-taken-meeting-video/,en,,0,171,1,0,25444,GatewayPundit,
657607068,7/14/17 17:54,BREAKING: Russian &#8220;Spy&#8221; Rinat Akhmetshin at Trump Jr&#8217;s Russian Lawyer Meeting- WORKS WITH DEMOCRATIC FUSION GPS,http://www.thegatewaypundit.com/2017/07/breaking-russian-american-rinat-akhmetshin-trump-jr-russian-lawyer-meeting-works-democratic-fusion-gps/,en,,0,446,1,0,25444,GatewayPundit,
654703590,7/9/17 13:55,"THE PLOT THICKENS=> Russian Lawyer Who Met with Trump Team Denied US Visa, Entered with Special Permission",http://www.thegatewaypundit.com/2017/07/plot-thickens-russian-lawyer-met-trump-team-denied-us-visa-entered-special-permission/,en,,0,876,2,0,25444,GatewayPundit,
657666904,7/14/17 20:18,Russian Lawyer Veselnitskaya Brought Documents Showing &#8216;Flow of Illicit Funds to Dems&#8217;,http://www.thegatewaypundit.com/2017/07/russian-lawyer-veselnitskaya-brought-documents-showing-flow-illicit-funds-dems/,en,,0,765,1,0,25444,GatewayPundit,
654729602,7/9/17 18:43,Donald Trump Jr Releases Statement About Meeting with Russian Lawyer,http://www.thegatewaypundit.com/2017/07/donald-trump-jr-releases-statement-meeting-russian-lawyer/,en,,0,255,1,0,25444,GatewayPundit,
923875454,7/13/17 0:54,THE PLOT THICKENS=> Russian Lawyer Natalia Veselnitskaya May Have Been in US Illegally,https://www.thegatewaypundit.com/2017/07/plot-thickens-russian-lawyer-natalia-veselnitskaya-may-us-illegally/,en,,0,1,1,0,25444,GatewayPundit,
654407494,7/8/17 18:24,MORE #FAKENEWS: NYT Uses Deep State Tip to Reveal Trump Insiders Met with Russian Lawyer&#8230; To Discuss Adoptions,http://www.thegatewaypundit.com/2017/07/fakenews-nyt-uses-deep-state-tip-reveal-trump-insiders-met-russian-lawyer-discuss-adoptions/,en,,0,525,1,0,25444,GatewayPundit,
693779734,7/14/17 8:00,Russian Lawyer Reportedly Offered Dirt On DNC Just Days Before Document Dump,http://dailycaller.com/2017/07/14/russian-lawyer-reportedly-offered-dirt-on-dnc-just-days-before-document-dump/,en,,3,1159,0,3,18775,Daily Caller,
697932602,7/11/17 8:00,Emails Show Trump Jr. Knew Information May Have Come From Russian Government,http://dailycaller.com/2017/07/11/emails-show-trump-jr-knew-information-may-have-come-from-russian-government/,en,,1,1599,0,1,18775,Daily Caller,
654623708,7/9/17 10:56,Trump Team Met With Kremlin-Connected Lawyer During Campaign,http://dailycaller.com/2017/07/09/trump-team-met-with-kremlin-connected-lawyer-during-campaign/,en,,1,694,1,1,18775,Daily Caller,
656338128,7/12/17 16:45,Russian Lawyer Has Ties To Firm That Compiled Trump Dossier,http://dailycaller.com/2017/07/12/russian-lawyer-has-ties-to-firm-that-compiled-trump-dossier/,en,,1,6141,1,1,18775,Daily Caller,
655172705,7/10/17 16:03,Senate Panel To Hear Testimony From Businessman Targeted By Trump Dossier Firm,http://dailycaller.com/2017/07/10/senate-panel-to-hear-testimony-from-businessman-targeted-by-trump-dossier-firm/,en,,1,684,0,1,18775,Daily Caller,
639185119,6/7/17 14:48,Comey Never Kept Detailed Memos On Conversations He Had With Barack Obama,http://dailycaller.com/2017/06/07/comey-never-kept-detailed-memos-on-conversations-he-had-with-barack-obama/,en,,1,1720,0,1,18775,Daily Caller,
654721126,7/9/17 18:20,Report: Russian Lawyer Secured Trump Tower Meeting By Promising Dirt On Hillary Clinton,http://dailycaller.com/2017/07/09/report-russian-lawyer-secured-trump-tower-meeting-by-promising-dirt-on-hillary-clinton/,en,,1,2865,0,1,18775,Daily Caller,
657053780,7/13/17 21:43,"Six People Were Involved In The Trump Tower Meeting, But We Only Know About Five Of Them",http://dailycaller.com/2017/07/13/six-people-were-involved-in-the-trump-tower-meeting-but-we-only-know-about-five-of-them/,en,,1,672,0,1,18775,Daily Caller,
656140258,7/12/17 10:36,Trump Jr. Emails Prove Russia Collusion Story Is Even Dumber Than You Thought,http://dailycaller.com/2017/07/12/trump-jr-emails-prove-russia-collusion-story-is-even-dumber-than-you-thought/,en,,0,1561,1,0,18775,Daily Caller,
713247704,7/11/17 12:28,Russian Lawyer Denies Promise Of Damaging Info Ever Happened [VIDEO],http://dailycaller.com/2017/07/11/russian-lawyer-denies-promise-of-damaging-info-ever-happened-video/,en,,0,8,0,0,18775,Daily Caller,
656900446,7/13/17 15:24,Trump: Paris Will Be &#8216;Just Fine Because You Have A Great President&#8217;,http://dailycaller.com/2017/07/13/trump-paris-will-be-just-fine-because-you-have-a-great-president/,en,,0,543,0,0,18775,Daily Caller,
713193529,7/11/17 11:51,The Link Between Trump Jr. And The Russian Lawyer Is One Funny Guy,http://dailycaller.com/2017/07/11/the-link-between-trump-jr-and-the-russian-lawyer-is-one-funny-guy/,en,,0,221,0,0,18775,Daily Caller,
655138988,7/10/17 14:41,Conway Defends Previous Russia Denials After Don Jr. Meeting Revelation,http://dailycaller.com/2017/07/10/conway-defends-previous-russia-denials-after-don-jr-meeting-revelation/,en,,0,5,1,0,18775,Daily Caller,
697906333,7/14/17 8:00,Here’s What We Know About The Suspected Ex-Soviet Intel Officer Who Attended Trump Tower Meeting,http://dailycaller.com/2017/07/14/heres-what-we-know-about-the-suspected-ex-soviet-intel-officer-who-attended-trump-tower-meeting/,en,,0,264,1,0,18775,Daily Caller,
656173395,7/12/17 11:25,Does The Steele Dossier Describe What Happened In Trump Tower Meeting?,http://dailycaller.com/2017/07/12/does-the-steele-dossier-describe-what-happened-in-trump-tower-meeting/,en,,0,13,0,0,18775,Daily Caller,
655172671,7/10/17 16:16,Trump Jr. &#8216;Happy&#8217; To Cooperate With Senate Intel Committee,http://dailycaller.com/2017/07/10/trump-jr-happy-to-cooperate-with-senate-intel-committee/,en,,0,581,0,0,18775,Daily Caller,
654712628,7/9/17 17:08,Trump Jr. met with Russian lawyer to get dirt on Hillary: report,http://nypost.com/2017/07/09/trump-jr-met-with-russian-lawyer-to-get-dirt-on-hillary/,en,,4,4799,0,4,7,NY Post,
655746011,7/11/17 17:57,Billionaire linked to Trump email scandal selling his NJ mansion,http://nypost.com/2017/07/11/billionaire-linked-to-trump-email-scandal-selling-his-nj-mansion/,en,,1,155,0,1,7,NY Post,
655354853,7/11/17 3:06,Man who arranged Trump Jr. Russia meeting posted suspicious photo,http://nypost.com/2017/07/11/man-who-arranged-trump-jr-russia-meeting-posted-suspicious-photo/,en,,1,699,1,1,7,NY Post,
655846351,7/11/17 23:49,Why the latest Russia story is just another Trump witch hunt,http://nypost.com/2017/07/11/why-the-latest-russia-story-is-just-another-trump-witch-hunt/,en,,1,1234,0,1,7,NY Post,
655183432,7/10/17 17:00,Trump Jr. lawyers up after sketchy Russia meeting exposed,http://nypost.com/2017/07/10/trump-jr-lawyers-up-after-sketchy-russia-meeting-exposed/,en,,0,155,0,0,7,NY Post,
963412131,7/11/17 15:26,Trump Jr. reveals email exchange claiming Kremlin support for his dad,https://nypost.com/2017/07/11/trump-jr-reveals-email-exchange-claiming-kremlin-support-for-his-dad/?mod=article_inline,en,,0,0,0,0,7,NY Post,
655792028,7/11/17 20:10,The key players in the escalating Trump Jr. email scandal,http://nypost.com/2017/07/11/the-key-players-in-the-escalating-trump-jr-email-scandal/,en,,0,102,0,0,7,NY Post,
655788840,7/11/17 19:39,Trump Jr. denies dad knew about Russia meeting,http://nypost.com/2017/07/11/trump-jr-denies-dad-knew-about-russia-meeting/,en,,0,1177,0,0,7,NY Post,
655479856,7/11/17 8:25,Russian lawyer contradicts Trump Jr.&#8217;s account of meeting,http://nypost.com/2017/07/11/russian-lawyer-contradicts-trump-jr-s-account-of-meeting/,en,,0,1034,0,0,7,NY Post,
798508994,7/13/17 15:30,Russian lawyer was let into US without a visa by Obama administration,https://nypost.com/2017/07/13/russian-lawyer-was-let-into-us-without-a-visa-by-obama-administration/amp/,en,,0,0,0,0,7,NY Post,
655045791,7/10/17 11:26,Trump Jr. tries to explain away shady Russia meeting,http://nypost.com/2017/07/10/trump-jr-tries-to-explain-away-shady-russia-meeting/,en,,0,171,0,0,7,NY Post,
657369122,7/14/17 9:50,Former Soviet spy attended Don Jr&#8217;s meeting with Russian lawyer,http://nypost.com/2017/07/14/former-soviet-spy-attended-don-jrs-meeting-with-russian-lawyer/,en,,0,1085,0,0,7,NY Post,
654387289,7/8/17 17:47,Trump team met with Kremlin-connected lawyer during campaign: report,http://nypost.com/2017/07/08/trump-team-met-with-kremlin-connected-lawyer-during-campaign-report/,en,,0,1949,0,0,7,NY Post,
656308100,7/12/17 15:55,Trump: Putin would be happier if Clinton were president,http://nypost.com/2017/07/12/trump-putin-would-be-happier-if-clinton-were-president/,en,,0,778,0,0,7,NY Post,
656260784,7/12/17 14:12,Lawyer shopped story about Hillary&#8217;s ties to hedgie who got kicked out of Russia,http://nypost.com/2017/07/12/lawyer-shopped-story-about-hillarys-ties-to-hedgie-who-got-kicked-out-of-russia/,en,,0,6,1,0,7,NY Post,
655685128,7/11/17 14:52,Donald Trump Jr. Will Be Interviewed On &#8216;Hannity&#8217; Tonight About Russia Scandal,http://decider.com/2017/07/11/donald-trump-jr-hannity-interview/,en,,0,2,0,0,7,NY Post,
1336363317,47:28.4,"The Latest: Trumps, Macrons dine high above Paris | Fox News",https://www.foxnews.com/world/the-latest-trumps-macrons-dine-high-above-paris,en,,3,0,0,3,1092,FOX News,
747402171,7/13/17 13:27,Donald Trump: Most People Would Have Taken Don Jr.-Russian Lawyer Meeting,http://insider.foxnews.com/2017/07/13/donald-trump-most-people-would-have-taken-don-jr-russian-lawyer-meeting,en,,2,355,0,2,1092,FOX News,
654424657,7/8/17 19:51,Donald Trump Jr. and Jared Kushner respond to meeting with Russian lawyer,http://feeds.foxnews.com/~r/foxnews/politics/~3/wfCdPvzxHOo/donald-trump-jr-and-jared-kushner-respond-to-meeting-with-russian-lawyer.html,en,,2,5938,0,2,1092,FOX News,
657460135,7/14/17 11:08,"Russian lobbyist, unnamed translator attended Trump Tower meeting with Russian lawyer",http://feeds.foxnews.com/~r/foxnews/politics/~3/QR9-G-XUSFM/russian-lobbyist-unnamed-translator-attended-trump-tower-meeting-with-russian-lawyer.html,en,,2,1003,0,2,1092,FOX News,
801135032,7/14/17 13:08,Russia Collusion Saga: 2 More Figures Emerge as Participants at Secret Trump Tower Meeting,http://nation.foxnews.com/2017/07/14/russia-collusion-saga-2-more-figures-emerge-participants-secret-trump-tower-meeting,,,0,37,0,0,1092,FOX News,
657158610,7/14/17 3:22,Gilt and guns: Macron wants to be Europe's go-to for Trump,http://feeds.foxnews.com/~r/foxnews/world/~3/Byb43fg6Pag/gilt-and-guns-macron-wants-to-be-europes-go-to-for-trump.html,en,,0,6,0,0,1092,FOX News,
655553055,7/11/17 9:36,NO KREMLIN CRONY: Russian lawyer who met Trump Jr. denies ties to Putin,http://www.foxnews.com/politics/2017/07/11/russian-lawyer-who-met-with-donald-trump-jr-denies-kremlin-connection.html,en,,0,962,0,0,1092,FOX News,
655631737,7/11/17 12:30,EMAIL TRAIL: Trump son releases exchange with contact claiming Russia gov&rsquo;t sought to back dad,http://www.foxnews.com/politics/2017/07/11/donald-trump-jr-releases-alleged-email-chain-regarding-russian-meeting.html,en,,0,39403,0,0,1092,FOX News,
704401391,10/11/17 2:15,"Trump Tower meeting wasn't about Clinton 'dirt,' emails show",http://www.foxnews.com/politics/2017/10/11/trump-tower-meeting-wasnt-about-clinton-dirt-emails-show.html,en,,0,9692,0,0,1092,FOX News,
801070354,7/13/17 19:32,The Hill: Trump Jr. Pitch Was Part of Broad Russian Effort,http://nation.foxnews.com/2017/07/13/hill-trump-jr-pitch-was-part-broad-russian-effort,,,0,53,1,0,1092,FOX News,
1038248622,7/11/17 0:00,Donald Trump Jr. releases 'entire email chain' regarding Russian meeting | Fox News,https://www.foxnews.com/politics/donald-trump-jr-releases-entire-email-chain-regarding-russian-meeting,en,,0,0,0,0,1092,FOX News,
657600316,7/9/17 8:00,Reince Priebus breaks down Trump's trip to the G-20 summit,http://www.foxnews.com/transcript/2017/07/09/reince-priebus-breaks-down-trumps-trip-to-g-20-summit.html,en,,0,10,0,0,1092,FOX News,
697190445,7/10/17 8:00,"Will feud between media, Trump ever die down?; Cruz wants no recess until health care passed",http://www.foxnews.com/transcript/2017/07/10/will-feud-between-media-trump-ever-die-down-cruz-wants-no-recess-until-health-care-passed.html,en,,0,0,0,0,1092,FOX News,
801153521,7/13/17 13:27,Michelle Malkin Putin Benefit More Clinton Presidency,http://insider.foxnews.com/2017/07/13/michelle-malkin-putin-benefit-more-clinton-presidency,en,,0,1123,0,0,1092,FOX News,
697321651,7/14/17 8:00,Gingrich slams idea Trump Jr. meeting was Russian 'set up',http://www.foxnews.com/transcript/2017/07/14/gingrich-slams-idea-trump-jr-meeting-was-russian-set-up.html,en,,0,16,0,0,1092,FOX News,
659030205,7/13/17 8:00,Ingraham: Questions need to be answered about Russian lawyer; Dobbs: Left carrying out coup d'etat against Trump,http://www.foxnews.com/transcript/2017/07/13/ingraham-questions-need-to-be-answered-about-russian-lawyer-dobbs-left-carrying-out-coup-detat-against-trump.html,en,,0,3,0,0,1092,FOX News,
801153725,7/12/17 5:11,Goodwin: Why the Latest Russia Story Is Just Another Trump Witch Hunt,http://nation.foxnews.com/2017/07/12/goodwin-why-latest-russia-story-just-another-trump-witch-hunt,,,0,243,1,0,1092,FOX News,
800941105,7/13/17 0:00,Obama administration let Russian lawyer who met Trump Jr. into US after visa block,http://www.foxnews.com/politics/2017/07/13/obama-administration-let-russian-lawyer-who-met-trump-jr-into-us-after-visa-block.html?utm_content=buffer462a1&utm_medium=social&utm_source=twitter.com&utm_campaign=buffer,en,,0,0,0,0,1092,FOX News,
656526486,7/13/17 0:01,Lawmakers want ex-Trump campaign chair Manafort to testify on Russia meeting,http://feeds.foxnews.com/~r/foxnews/politics/~3/v5LhRQY5rIc/lawmakers-want-ex-trump-campaign-chair-manafort-to-testify-on-russia-meeting.html,en,,0,37,0,0,1092,FOX News,
801029308,7/12/17 5:05,"Keystone Kops Collusion: Did Don Jr., a Russian Pop Star and a Lawyer Steal the 2016 Election?",http://nation.foxnews.com/2017/07/12/keystone-kops-collusion-did-don-jr-russian-pop-star-and-lawyer-steal-2016-election,,,0,126,1,0,1092,FOX News,
657561685,7/14/17 15:41,"Oh really, Bubba?",http://feeds.foxnews.com/~r/foxnews/politics/~3/MjLab6L9NJE/oh-really-bubba.html,en,,0,34,2,0,1092,FOX News,
656683531,7/13/17 7:52,Trump seeks consensus with France despite differences,http://feeds.foxnews.com/~r/foxnews/politics/~3/6G3WA8Yiesw/trump-seeks-consensus-with-france-despite-differences.html,en,,0,69,0,0,1092,FOX News,
655129939,7/10/17 14:09,Congress returns facing major time crunch,http://feeds.foxnews.com/~r/foxnews/politics/~3/ruPPcHfmt_4/congress-returns-facing-major-time-crunch.html,en,,0,19,2,0,1092,FOX News,
658644234,7/11/17 8:00,"Donald Trump Jr. on 'Hannity': In retrospect, I would've done things differently",http://www.foxnews.com/transcript/2017/07/11/donald-trump-jr-on-hannity-in-retrospect-wouldve-done-things-differently.html,en,,0,43,0,0,1092,FOX News,
801015154,7/14/17 15:13,AP: Russian-American Lobbyist Says He Was in Trump Son's Meeting with Lawyer,http://nation.foxnews.com/2017/07/14/ap-russian-american-lobbyist-says-he-was-trump-sons-meeting-lawyer,,,0,221,0,0,1092,FOX News,
801953375,7/13/17 0:00,Flashback: That Time Clinton Surrendered American Uranium Mines To Russia,http://nation.foxnews.com/2017/07/13/flashback-time-clinton-surrendered-american-uranium-mines-russia,en,,0,636,0,0,1092,FOX News,
801030651,7/13/17 17:48,"Broadcasters Obsess Over Trump Jr., Ignore 'Hillary Clinton's Russia-Uranium Scandal' Study Says",http://nation.foxnews.com/2017/07/13/broadcasters-obsess-over-trump-jr-ignore-hillary-clintons-russia-uranium-scandal-study,,,0,25,0,0,1092,FOX News,
657559936,7/14/17 15:41,Russian-American at Trump Jr. meeting is ex-military officer,http://feeds.foxnews.com/~r/foxnews/national/~3/Z-xSsHYfoPQ/russian-american-at-trump-jr-meeting-is-ex-military-officer.html,en,,0,0,0,0,1092,FOX News,
1116171669,7/12/17 0:00,"Russian lawyer who met Trump Jr.: 'I would have' contacted Clinton, too, if she could help | Fox News",https://www.foxnews.com/politics/russian-lawyer-who-met-trump-jr-i-would-have-contacted-clinton-too-if-she-could-help,en,,0,0,0,0,1092,FOX News,
680100990,8/25/17 13:09,"Russian attorney rips anti-Trump dossier as ‘cheap gossip,’ amid questions over origin",http://feeds.foxnews.com/~r/foxnews/politics/~3/ie9l0KLFWmU/russian-attorney-rips-anti-trump-dossier-as-cheap-gossip-amid-questions-over-origin.html,en,,0,0,0,0,1092,FOX News,
797309646,7/11/17 4:55,Trump Jr. Dared To Talk To a Russian Woman,https://www.frontpagemag.com/fpm/267240/trump-jr-dared-talk-russian-woman-matthew-vadum,en,,2,1,0,2,25527,frontpagemag.com,
798114043,7/12/17 4:57,Trump Jr.’s Emails Undermine Collusion Conspiracy Theory,https://www.frontpagemag.com/fpm/267251/trump-jrs-emails-undermine-collusion-conspiracy-matthew-vadum,en,,2,6,1,2,25527,frontpagemag.com,
872677634,7/14/17 4:55,The Curious Case of Natalia Veselnitskaya,https://www.frontpagemag.com/fpm/267277/curious-case-natalia-veselnitskaya-matthew-vadum,en,,1,5,0,1,25527,frontpagemag.com,
656452526,7/12/17 22:40,Why Did Loretta Lynch Grant Trump Jr's Russian Lawyer A Special Visa To Enter America?,http://www.zerohedge.com/news/2017-07-12/why-did-loretta-lynch-grant-trump-jrs-russian-lawyer-special-visa-enter-america,en,,1,12707,0,1,21509,Zero Hedge,
646974782,6/22/17 19:56,James Comey Visits The New York Times,http://www.zerohedge.com/news/2017-06-22/james-comey-visits-new-york-times,en,,1,446,0,1,21509,Zero Hedge,
656299767,7/12/17 15:40,Was Trump Jr Meeting Deep-State Setup For FISA Wiretaps? Russian Atty Hates President & Linked To 'Pissgate' Firm,http://www.zerohedge.com/news/2017-07-12/was-trump-jr-meeting-deep-state-setup-fisa-wiretaps-russian-atty-hates-president-lin,en,,0,692,2,0,21509,Zero Hedge,
655635853,7/11/17 13:15,Meet the Man Who Might Take Down the President: ROB GOLDSTONE,http://www.zerohedge.com/news/2017-07-11/meet-man-who-might-take-down-president-rob-goldstone,en,,0,33,0,0,21509,Zero Hedge,
656654351,7/13/17 6:57,Truth and Trump Are Only Close in the Dictionary,http://www.zerohedge.com/news/2017-07-13/truth-and-trump-are-only-close-dictionary,en,,0,12,0,0,21509,Zero Hedge,
655276405,7/10/17 22:57,Trump Jr. Was Allegedly Told Russian Government Behind Damaging Clinton Info: NYT,http://www.zerohedge.com/news/2017-07-10/trump-jr-was-allegedly-told-russian-government-behind-clinton-info-nyt,en,,0,23,0,0,21509,Zero Hedge,
657138181,7/14/17 2:00,"Oust Trump, War With Russia",http://www.zerohedge.com/news/2017-07-13/oust-trump-war-russia,en,,0,79,2,0,21509,Zero Hedge,
656108521,7/12/17 9:26,"How Hermitage Capital, Ziff Brothers And The Clinton Global Initiative Prompted The Trump Jr. Meeting",http://www.zerohedge.com/news/2017-07-12/how-hermitage-capital-ziff-brothers-and-clinton-global-initiative-prompted-trump-jr-,en,,0,522,0,0,21509,Zero Hedge,
657208328,7/14/17 5:25,SPOOKED: Co-Founder Of Trump-Russia Dossier Firm Cancels Testimony While Lynch Claims Ignorance,http://www.zerohedge.com/news/2017-07-14/spooked-co-founder-trump-russia-dossier-firm-cancels-testimony-while-lynch-claims-ig,en,,0,569,1,0,21509,Zero Hedge,
654771038,7/9/17 22:10,What Russian Journalists Think Of How American Reporters Cover Putin & Trump,http://www.zerohedge.com/news/2017-07-09/what-russian-journalists-think-how-american-reporters-cover-putin-trump,en,,0,45,2,0,21509,Zero Hedge,
654750947,7/9/17 19:23,"Trump's Son Said To Have Met With Russian Lawyer After ""Promise Of Damaging Hillary Info"": NYT",http://www.zerohedge.com/news/2017-07-09/trumps-son-met-russian-lawyer-after-promise-damaging-info-clinton-nyt,en,,0,88,2,0,21509,Zero Hedge,
655136710,7/10/17 14:50,Is Trump Jr. About To Get Hauled Before The Senate Intelligence Committee?,http://www.zerohedge.com/news/2017-07-10/trump-jr-about-get-hauled-senate-intelligence-committee-russia-meeting,en,,0,41,0,0,21509,Zero Hedge,
657488185,7/14/17 13:30,Report: Lynch Tapped Manafort's Phone During Trump Jr. Meeting With Russian Lawyer,http://www.zerohedge.com/news/2017-07-14/report-lynch-tapped-manaforts-phone-during-trump-jr-meeting-russian-lawyer,en,,0,2724,5,0,21509,Zero Hedge,
657389474,7/14/17 10:16,"NBC Reports Former Soviet Intelligence Officer Attended Meeting With Don Jr., But There's A Catch...",http://www.zerohedge.com/news/2017-07-14/former-soviet-counter-intelligence-officer-attended-meeting-don-jr-nbc-news,en,,0,200,0,0,21509,Zero Hedge,
830666632,7/9/17 4:07,How The Deep State Tries To Frame Trump For Meeting With Russian Spies,https://bigleaguepolitics.com/deep-state-tries-frame-trump-meeting-russian-spies/,en,,1,20,1,1,415595,bigleaguepolitics.com,
654744449,7/9/17 19:10,Donald Trump defends Vladimir Putin meeting,http://www.washingtontimes.com/news/2017/jul/9/donald-trump-defends-vladimir-putin-meeting/?utm_source=RSS_Feed&utm_medium=RSS,en,,1,239,0,1,101,Washington Times,
655817190,7/11/17 21:33,The Latest: Senate Judiciary wants info about Russian lawyer,http://www.washingtontimes.com/news/2017/jul/11/the-latest-senate-judiciary-wants-info-about-russi/?utm_source=RSS_Feed&utm_medium=RSS,en,,0,0,0,0,101,Washington Times,
655119039,7/10/17 13:39,Watchdog group says Donald Trump Jr.'s meet with Russian lawyer broke election laws,http://www.washingtontimes.com/news/2017/jul/10/watchdog-trump-jr-meet-russian-lawyer-broke-law/?utm_source=RSS_Feed&utm_medium=RSS,en,,0,622,0,0,101,Washington Times,
657074011,7/13/17 21:16,The collusion accusations continue,http://www.washingtontimes.com/news/2017/jul/13/the-collusion-accusations-continue/?utm_source=RSS_Feed&utm_medium=RSS,en,,0,0,0,0,101,Washington Times,
656934090,7/13/17 14:48,"Broadcasters obsess over Trump Jr., ignore 'Hillary Clinton's Russia-Uranium scandal' study says",http://www.washingtontimes.com/news/2017/jul/13/broadcasters-obsess-over-trump-jr-ignore-hillary-c/?utm_source=RSS_Feed&utm_medium=RSS,en,,0,0,1,0,101,Washington Times,
656246834,7/12/17 13:27,Editorials from around New York,http://www.washingtontimes.com/news/2017/jul/12/editorials-from-around-new-york/?utm_source=RSS_Feed&utm_medium=RSS,en,,0,0,0,0,101,Washington Times,
657597038,7/14/17 16:54,"Pop star, lobbyist: The cast of Trump Russia connections",http://www.washingtontimes.com/news/2017/jul/14/pop-star-lobbyist-the-cast-of-trump-russia-connect/?utm_source=RSS_Feed&utm_medium=RSS,en,,0,0,0,0,101,Washington Times,
656321246,7/12/17 15:17,"Paul Manafort, former Trump campaign manager, in Charles Grassley's crosshairs for testimony",http://www.washingtontimes.com/news/2017/jul/12/grassley-plans-call-paul-manafort-testify/?utm_source=RSS_Feed&utm_medium=RSS,en,,0,1,0,0,101,Washington Times,
654724218,7/9/17 9:47,WH Chief of Staff: Trump did not accept Putin's denial of meddling,http://www.washingtontimes.com/news/2017/jul/9/wh-chief-of-staff-trump-did-not-accept-putins-deni/?utm_source=RSS_Feed&utm_medium=RSS,en,,0,0,0,0,101,Washington Times,
655205477,7/10/17 17:21,Hill panel calls for Donald Trump Jr. to testify on Russia meeting,http://www.washingtontimes.com/news/2017/jul/10/hill-panel-calls-donald-trump-jr-testify-russia/?utm_source=RSS_Feed&utm_medium=RSS,en,,0,6,0,0,101,Washington Times,
655199785,7/10/17 16:33,White House points collusion-seeking reporters toward the Democratic National Committee,http://www.washingtontimes.com/news/2017/jul/10/white-house-points-collusion-seeking-reporters-dnc/?utm_source=RSS_Feed&utm_medium=RSS,en,,0,1050,0,0,101,Washington Times,
656893122,7/13/17 13:56,Chuck Blazer dies after exposing corruption he profited from,http://www.washingtontimes.com/news/2017/jul/13/chuck-blazer-dies-after-exposing-corruption-he-pro/?utm_source=RSS_Feed&utm_medium=RSS,en,,0,0,0,0,101,Washington Times,
662999801,7/12/17 8:00,Why the curious silence from Barack Obama over tapped Trump Tower?,http://www.washingtontimes.com/news/2017/mar/31/why-the-curious-silence-from-barack-obama-over-tap/,en,,0,5397,0,0,101,Washington Times,
1038246439,7/11/17 0:00,Donald Trump Jr. releases email chain from meeting with Russian lawyer,https://www.washingtontimes.com/news/2017/jul/11/donald-trump-jr-releases-email-chain-meet-russian-/,en,,0,0,0,0,101,Washington Times,
657548678,7/14/17 15:15,Editorials from around New England,http://www.washingtontimes.com/news/2017/jul/14/editorials-from-around-new-england/?utm_source=RSS_Feed&utm_medium=RSS,en,,0,1,0,0,101,Washington Times,
655907846,7/12/17 1:41,Trump heads to Paris for Bastille Day,http://www.washingtontimes.com/news/2017/jul/12/trump-heads-to-paris-for-bastille-day/?utm_source=RSS_Feed&utm_medium=RSS,en,,0,0,0,0,101,Washington Times,
664383931,7/12/17 8:00,Donald Trump asks Preet Bharara to stay on as U.S. attorney for New York,http://www.washingtontimes.com/news/2016/nov/30/donald-trump-asks-preet-bharara-stay-us-attorney-n/,en,,0,73,0,0,101,Washington Times,
655337091,7/10/17 21:39,Democrats continue to beat a dead horse,http://www.washingtontimes.com/news/2017/jul/10/another-dead-horse-another-beating/?utm_source=RSS_Feed&utm_medium=RSS,en,,0,0,0,0,101,Washington Times,
657571395,7/14/17 15:41,Russian-American at Trump Jr. meeting is ex-military officer,http://www.washingtontimes.com/news/2017/jul/14/russian-american-at-trump-jr-meeting-is-ex-militar/?utm_source=RSS_Feed&utm_medium=RSS,en,,0,1,0,0,101,Washington Times,
657038402,7/13/17 20:28,Inside the Beltway: Soaring stock market a symbol of the Trump age,http://www.washingtontimes.com/news/2017/jul/13/inside-the-beltway-soaring-stock-market-a-symbol-o/?utm_source=RSS_Feed&utm_medium=RSS,en,,0,0,0,0,101,Washington Times,
655255490,7/10/17 20:35,"Natalia Veselnitskaya, Russian lawyer who contacted Donald Trump Jr., investigated in U.S.",http://www.washingtontimes.com/news/2017/jul/10/natalia-veselnitskaya-russian-lawyer-who-contacted/?utm_source=RSS_Feed&utm_medium=RSS,en,,0,429,0,0,101,Washington Times,
710987784,7/13/17 2:50,The Latest: Macron: Important to maintain contact with Putin,http://feedproxy.google.com/~r/FOREIGN-TheWashingtonTimesAmericasNewspaper/~3/BMU9sjscRUA/,en,,0,0,0,0,101,Washington Times,
657034194,7/13/17 19:33,"Donald Trump, with Emmanuel Macron, downplays Russia scandal",http://www.washingtontimes.com/news/2017/jul/13/donald-trump-with-emmanuel-macron-downplays-russia/?utm_source=RSS_Feed&utm_medium=RSS,en,,0,34,0,0,101,Washington Times,
656560409,7/13/17 2:45,Trump seeks consensus with France despite differences,http://www.washingtontimes.com/news/2017/jul/13/trump-seeks-consensus-with-france-despite-differen/?utm_source=RSS_Feed&utm_medium=RSS,en,,0,1,0,0,101,Washington Times,
1038216942,7/9/17 0:00,"Oh No! Trump Jr., Jared Kushner Met With Russian Lawyer!",https://pjmedia.com/trending/2017/07/09/oh-no-trump-jr-jared-kushner-met-with-russian-lawyer/,en,,1,40,2,1,19082,PJMedia,
934050400,7/13/17 0:00,Sessions Pressed on Settlement with Company Linked to Trump Jr. Russian Lawyer,https://pjmedia.com/news-and-politics/2017/07/13/sessions-pressed-on-settlement-with-company-linked-to-trump-jr-russian-lawyer/,en,,0,11,0,0,19082,PJMedia,
588724165,3/3/17 3:03,Mark Levin to Congress: Investigate Obama’s ‘Silent Coup’ vs. Trump,http://feedproxy.google.com/~r/breitbart/~3/2jtG9YwNOyo/,en,,1,117084,0,1,19334,Breitbart,
656310840,7/12/17 13:27,Leaked Email: Clinton Campaign ‘Killed’ Bloomberg Story Linking Bill’s $500k Moscow Speech To Russia-Friendly Stance,http://feedproxy.google.com/~r/breitbart/~3/_wGGay0zhBQ/,en,,0,22299,2,0,19334,Breitbart,
654434320,7/8/17 20:26,"Reports: Donald Trump Jr., Jared Kushner Met with Kremlin-Linked Lawyer",http://feedproxy.google.com/~r/breitbart/~3/52ISDtRkw68/,en,,0,2336,1,0,19334,Breitbart,
656476575,7/12/17 23:56,The Hill: DOJ Let Russian Lawyer into US Before She Met with Trump Team,http://feedproxy.google.com/~r/breitbart/~3/bkBAFBNNtns/,en,,0,3223,0,0,19334,Breitbart,
654772589,7/9/17 14:15,Priebus: Trump Team Meeting With Russian Lawyer ‘May Spin Out of Control for DNC’,http://feedproxy.google.com/~r/breitbart/~3/SGmIa8z9RSY/,en,,0,2397,0,0,19334,Breitbart,
655221851,7/10/17 17:34,The ‘Russian Lawyer Meeting’ Story Is a Giant Red Herring,http://feedproxy.google.com/~r/breitbart/~3/vkiYpW4GKvM/,en,,0,9645,1,0,19334,Breitbart,
681391802,7/12/17 22:14,Chuck Grassley Asks How Russian Lawyer Who Met With Trump Jr. Was Allowed to Stay in U.S.,http://www.breitbart.com/big-government/2017/07/12/chuck-grassley-asks-russian-lawyer-met-trump-jr-allowed-stay-u-s/,en,,0,42,1,0,19334,Breitbart,
655712417,7/11/17 13:21,"NY Times, Washington Post Russia Conspiracy Stories Drop At Strategic Times",http://feedproxy.google.com/~r/breitbart/~3/4s_8nbzdsZE/,en,,0,272,3,0,19334,Breitbart,
665667505,7/10/17 4:11,Donald Jr. and Team Trump's Shifting Russia Stories,http://www.weeklystandard.com/donald-jr.-and-team-trumps-shifting-russia-stories/article/2008762,en,,1,924,2,1,366705,weeklystandard.com,
1294927280,7/11/17 19:21,Top Dem: Intelligence Committee Will Ask 'Everyone Connected' with Trump Jr. Meeting to Appear,http://www.weeklystandard.com/top-dem-intelligence-committee-will-ask-everyone-connected-with-trump-jr.-meeting-to-appear/article/2008787?custom_click=rss,,,0,5,1,0,366705,weeklystandard.com,
1294927286,7/11/17 7:28,What Did Trump Jr. Know and When Did He Know It?,http://www.weeklystandard.com/what-did-trump-jr.-know-and-when-did-he-know-it/article/2008773?custom_click=rss,,,0,5,0,0,366705,weeklystandard.com,
1294927279,7/13/17 23:37,Wrapped in an Enigma,http://www.weeklystandard.com/wrapped-in-an-enigma/article/2008824?custom_click=rss,,,0,17,0,0,366705,weeklystandard.com,
1247830987,7/14/17 0:05,Who’s Colluding With Whom?,https://spectator.org/whos-colluding-with-whom/,en,,1,384,1,1,21919,The American Spectator,
634956811,undateable,EXCLUSIVE: FBI ‘Granted FISA Warrant’ Covering Trump Camp’s Ties To Russia,https://heatst.com/world/exclusive-fbi-granted-fisa-warrant-covering-trump-camps-ties-to-russia/,en,,1,15978,0,1,285605,HeatStreet,
712463296,7/9/17 17:32,The New York Post: Trump Jr. met with Russian who promised damaging info on Clinton: report,http://www.marketwatch.com/news/story.asp?guid=%7BB8543010-64EC-11E7-A176-5A2FCB9C892E%7D&siteid=rss&rss=1,en,,0,0,1,0,285605,HeatStreet,
666183413,undateable,Knife-wielding Man Arrested at Trump Tower Sought Ivanka ‘Meeting’ » Alex Jones' Infowars: There's a war on for your mind!,https://www.infowars.com/knife-wielding-man-arrested-at-trump-tower-sought-ivanka-meeting/,en,,1,1630,0,1,18515,InfoWars,
657656027,7/14/17 20:03,Shep Smith explodes over Russian meeting: &#8216;The deception&#8230; is mind-boggling!&#8217;,http://www.theblaze.com/news/2017/07/14/shep-smith-explodes-over-russian-meeting-the-deception-is-mind-boggling/,en,,1,2508,0,1,22088,The Blaze,
656346917,7/12/17 17:15,"Commentary: In wake of Trump Jr. emails, conservatives are at a crucial crossroads — choose wisely",http://www.theblaze.com/news/2017/07/12/commentary-in-wake-of-trump-jr-emails-conservatives-are-at-a-crucial-crossroads-choose-wisely/,en,,0,21,0,0,22088,The Blaze,
657656032,7/14/17 18:56,Breaking: More revelations about who was at Russian meeting with Trump Jr.,http://www.theblaze.com/news/2017/07/14/breaking-more-revelations-about-who-was-at-russian-meeting-with-trump-jr/,en,,0,759,2,0,22088,The Blaze,
656931251,7/13/17 16:10,CNN historian likens Trump family to the mafia,http://www.theblaze.com/news/2017/07/13/cnn-historian-likens-trump-family-to-the-mafia/,en,,0,23,0,0,22088,The Blaze,
655099186,7/10/17 12:38,&#8216;Borders on treason&#8217;: NYT reports Donald Trump Jr. met with Russian lawyer for dirt on Clinton,http://www.theblaze.com/news/2017/07/10/borders-on-treason-nyt-reports-donald-trump-jr-met-with-russian-lawyer-for-dirt-on-clinton/,en,,0,35,1,0,22088,The Blaze,
656279758,7/12/17 14:30,Noted legal scholar throws cold water on claims that Donald Trump Jr. committed treason,http://www.theblaze.com/news/2017/07/12/noted-legal-scholar-throws-cold-water-on-claims-that-donald-trump-jr-committed-treason/,en,,0,53,0,0,22088,The Blaze,
712595366,7/11/17 7:35,Russian Lawyer Who Met With Trump Jr. Says She Has No Connection to Kremlin,http://freebeacon.com/politics/russian-lawyer-met-trump-jr-says-no-connection-kremlin/,en,,1,1310,2,1,25649,Free Beacon,
712589169,7/12/17 14:31,FBI Nominee Wray on Russia Investigation: Not a ‘Witch Hunt’,http://freebeacon.com/politics/wray-russia-investigation-not-witch-hunt/,en,,0,0,0,0,25649,Free Beacon,
712597213,7/10/17 19:00,CNN Calls Out Coons for Speculating About Trump Meetings,http://freebeacon.com/politics/cnn-calls-coons-speculating-trump-meetings/,en,,0,159,0,0,25649,Free Beacon,
712574648,7/14/17 17:10,Shepard Smith Goes Off on Trump Orbit Over Expanding Russia Story: ‘The Deception Is Mind-Boggling’,http://freebeacon.com/uncategorized/shepard-smith-goes-off-on-trump-orbit-over-expanding-russia-story-the-deception-is-mind-boggling/,en,,0,98,0,0,25649,Free Beacon,
712583164,7/12/17 22:12,Trump Defends Son’s Meeting With Russian Lawyer: ‘Many People Would Have Held That Meeting’,http://freebeacon.com/politics/trump-defends-sons-meeting-russian-lawyer-many-people-held-meeting/,en,,0,1,0,0,25649,Free Beacon,
712574578,7/11/17 12:45,Report: Trump Jr. on Potentially Getting Dirt on Clinton From Russians: ‘I Love It’,http://freebeacon.com/politics/report-trump-jr-on-potentially-getting-dirt-on-clinton-i-love-it/,en,,0,705,0,0,25649,Free Beacon,
712576804,7/10/17 8:59,Report: Trump Jr. Met with Russian Lawyer Who Promised Damaging Info on Clinton,http://freebeacon.com/politics/report-trump-jr-met-russian-lawyer-promised-damaging-info-clinton/,en,,0,0,2,0,25649,Free Beacon,
712572495,7/12/17 11:50,Trump: My White House Is ‘Functioning Perfectly’,http://freebeacon.com/politics/trump-white-house-functioning-perfectly/,en,,0,786,1,0,25649,Free Beacon,
698688985,undateable,Report: Trump Jr. Was Told in Email About Russian Government's Efforts to Aid His Father's Candidacy,http://freebeacon.com/politics/report-trump-jr-told-email-russian-governments-efforts-aid-fathers-candidacy/,en,,0,11,1,0,25649,Free Beacon,
698200095,undateable,Trump Jr.: 'I've Probably Met With Other People From Russia',http://freebeacon.com/politics/trump-jr-ive-probably-met-with-other-people-from-russia/,en,,0,1,2,0,25649,Free Beacon,
655800845,7/11/17 20:01,Who showed Trump Jr’s emails to the New York Times?,http://hotair.com/archives/2017/07/11/showed-trump-jrs-emails-new-york-times/,en,,1,154,2,1,117,Hot Air  ,
655065310,7/10/17 8:01,The Trump-Russia “smoking gun” number 147,http://hotair.com/archives/2017/07/10/trump-russia-smoking-gun-number-147/,en,,0,344,0,0,117,Hot Air  ,
540183474,11/11/16 17:21,Trump: Maybe we can amend ObamaCare instead of repealing and replacing it,http://hotair.com/archives/2016/11/11/trump-maybe-we-can-amend-obamacare-instead-of-repealing-and-replacing-it/,en,,0,666,0,0,117,Hot Air  ,
657555592,7/14/17 16:04,Did the Russian lawyer offer Team Trump dirt from … the DNC hack?,http://hotair.com/archives/2017/07/14/russian-lawyer-offer-team-trump-dirt-dnc-hack/,en,,0,26,1,0,117,Hot Air  ,
657026305,7/13/17 20:01,"Trump: Hey, maybe “something could happen” on Paris accords",http://hotair.com/archives/2017/07/13/trump-hey-maybe-something-happen-paris-accords/,en,,0,9,1,0,117,Hot Air  ,
655117570,7/10/17 13:31,"35 minutes: Kellyanne Conway vs. Chris Cuomo on Trump Jr., Russiagate, and CNN",http://hotair.com/archives/2017/07/10/35-minutes-kellyanne-conway-vs-chris-cuomo-trump-jr-russiagate-cnn/,en,,0,45,3,0,117,Hot Air  ,
655065280,7/10/17 10:01,"Conway: “We were talking to people in Michigan, not Moscow”",http://hotair.com/archives/2017/07/10/conway-talking-people-michigan-not-moscow/,en,,0,49,1,0,117,Hot Air  ,
657515556,7/14/17 8:41,NBC: Fifth person in Veselnitskaya meeting was former Soviet intel agent; Update: Sixth person? Update: AP identifies,http://hotair.com/archives/2017/07/14/nbc-fifth-person-veselnitskaya-meeting-former-kgb/,en,,0,85,0,0,117,Hot Air  ,
695436663,7/11/17 16:34,Don Jr.’s Disgraceful Meeting,http://www.nationalreview.com/article/449384/donald-trump-jrs-meeting-russian-lawyer-email-revelations,en,,0,0,0,0,1117,National Review,
654671096,7/9/17 12:23,The Latest Russia Non-Bombshell,https://www.nationalreview.com/corner/449337/trump-russia-collusion-another-non-bombshell,en,,0,76,1,0,1117,National Review,
693686259,7/12/17 14:33,Don Jr. and the Magnitsky Myth,http://www.nationalreview.com/corner/449419/donald-trump-jr-meets-magnitsky-act-propaganda,en,,0,2,0,0,1117,National Review,
699108419,7/11/17 4:47,Just What Did Donald Trump Jr. Know Going Into That Meeting?,http://www.nationalreview.com/corner/449367/just-what-did-donald-trump-jr-know-going-meeting,en,,0,6,1,0,1117,National Review,
655814295,7/11/17 20:34,Don Jr.’s Disgraceful Meeting ,https://www.nationalreview.com/article/449384/donald-trump-jrs-meeting-russian-lawyer-email-revelations,en,,0,293,0,0,1117,National Review,
656470105,7/12/17 23:28,TRUMP JR.&#x92;S EMAILS UNDERMINE COLLUSION CONSPIRACY THEORY,http://www.freerepublic.com/focus/f-news/3568792/posts,,,0,1,1,0,304,Free Republic,
656005991,7/12/17 6:19,"Natalia Veselnitskaya Pictured With Obama Officals in DC on June 14th, 2016",http://www.freerepublic.com/focus/f-news/3568587/posts,,,0,18,3,0,304,Free Republic,
656734803,7/13/17 9:34,Don Jr.&#x27;s Emails Show Poor Judgment &#x97; Not Evidence of Treason,http://www.freerepublic.com/focus/f-news/3568865/posts,,,0,0,0,0,304,Free Republic,
657691476,7/14/17 21:53,"I met Don Jr and Jared at Trump Tower and we DID give them dirt on Dems, says Soviet spook
",http://www.freerepublic.com/focus/f-news/3569354/posts,en,,0,0,1,0,304,Free Republic,
654736563,7/9/17 19:02,CNN and lefties now pushing &#x22;Trump Jr. met with Russian Lawyer with &#x27;ties&#x27; to Kremlin&#x22;.,http://www.freerepublic.com/focus/f-chat/3567954/posts,,,0,0,0,0,304,Free Republic,
657322824,7/14/17 8:15,Former Soviet Counter Intelligence Officer at Meeting With Donald Trump Jr. and Russian Lawyer,http://www.freerepublic.com/focus/f-news/3569159/posts,,,0,0,1,0,304,Free Republic,
654416711,7/8/17 20:13,Donald Trump Jr. gathered members of campaign for meeting with Russian lawyer before election,http://www.freerepublic.com/focus/f-news/3567760/posts,en,,0,0,1,0,304,Free Republic,
656129642,7/12/17 9:55,PRESIDENT TRUMP Defends Son Don Jr. from Democrat Media in Greatest Witchhunt in Political History,http://www.freerepublic.com/focus/f-news/3568623/posts,,,0,0,1,0,304,Free Republic,
654730782,7/9/17 18:40,Report: Trump Jr. was promised damaging info on Clinton,http://www.freerepublic.com/focus/f-news/3567951/posts,,,0,0,1,0,304,Free Republic,
1038216956,33:10.4,Trump Team Met With Lawyer Linked to Kremlin During Campaign,http://www.freerepublic.com/focus/f-chat/3567734/posts,,,0,4,0,0,304,Free Republic,
657295201,7/14/17 7:35,The Curious Case of Natalia Veselnitskaya,http://www.freerepublic.com/focus/f-news/3569148/posts,en,,0,0,1,0,304,Free Republic,
657086328,7/13/17 23:51,Trump lauds Macron and France and its &#x27;unbreakable ties&#x27; with the US,http://www.freerepublic.com/focus/f-news/3569118/posts,,,0,0,1,0,304,Free Republic,
656761081,7/13/17 10:27,Russian lawyer who met with Trump Jr. has long history fighting sanctions (strip-searched on entry),http://www.freerepublic.com/focus/f-news/3568878/posts,,,0,0,0,0,304,Free Republic,
657498715,7/14/17 14:10,Russian Lawyer Reportedly Offered Dirt On DNC Just Days Before Document Dump,http://www.freerepublic.com/focus/f-news/3569248/posts,,,0,0,1,0,304,Free Republic,
654650016,7/9/17 12:22,"Oh No! Trump Jr., Jared Kushner Met With Russian Lawyer!",http://www.freerepublic.com/focus/f-news/3567896/posts,en,,0,4,1,0,304,Free Republic,
656269314,7/12/17 14:33,Natalia Veselnitskaya a Democrat plant?,http://www.freerepublic.com/focus/f-news/3568710/posts,en,,0,0,0,0,304,Free Republic,
656413213,7/12/17 20:31,Senator Asks Why Russian Attorney Was Allowed to Come to US Without Visa,http://www.freerepublic.com/focus/f-news/3568758/posts,,,0,0,1,0,304,Free Republic,
655208709,7/10/17 18:02,"McCain Sent a Minion to Pick Up Dirt on Candidate Trump, and Hillary",http://www.freerepublic.com/focus/f-news/3568187/posts,,,0,1,1,0,304,Free Republic,
657006725,7/13/17 19:27,Trump Jr. pitch was part of broad Russian effort,http://www.freerepublic.com/focus/f-news/3569054/posts,,,0,0,1,0,304,Free Republic,
655787210,7/11/17 19:40,Well Lookie Here=&#x3E; Russian Lawyer Veselnitskaya is Pictured with Obama Ambassador to Russia &#x96; 8..,http://www.freerepublic.com/focus/f-news/3568518/posts,en,,0,8,1,0,304,Free Republic,
657483453,7/14/17 13:22,Trump base stands by its man,http://www.freerepublic.com/focus/f-news/3569238/posts,,,0,0,0,0,304,Free Republic,
656734769,7/13/17 9:54,TOP HILLARY SUPPORTER Was Russian Lawyer Veselnitskaya&#x92;s Chaperone in Washington DC,http://www.freerepublic.com/focus/f-news/3568870/posts,en,,0,3,1,0,304,Free Republic,
655627938,7/11/17 12:42,Trump Jr. E-mail Chain,http://www.freerepublic.com/focus/f-news/3568401/posts,en,,0,0,0,0,304,Free Republic,
654403193,7/8/17 18:19,Trump Team Met With Lawyer Linked to Kremlin During Campaign,http://www.freerepublic.com/focus/f-news/3567734/posts,,,0,0,1,0,304,Free Republic,
656875066,7/13/17 14:13,How Russia-gate Met the Magnitsky Myth,http://www.freerepublic.com/focus/f-news/3568967/posts,,,0,0,1,0,304,Free Republic,
656510598,7/13/17 1:41,Senate Panel To Hear Testimony From Businessman Targeted By Trump Dossier Firm,http://www.freerepublic.com/focus/f-news/3568810/posts,,,0,0,2,0,304,Free Republic,
654766424,7/9/17 21:36,Trump&#x92;s Son Met With Russian Lawyer After Being Promised Damaging Information on Clinton,http://www.freerepublic.com/focus/f-chat/3567985/posts,,,0,0,1,0,304,Free Republic,
711501001,7/13/17 16:50,Who Is Russian Lawyer Natalia Veselnitskaya?,http://www.thedailysheeple.com/who-is-russian-lawyer-natalia-veselnitskaya_072017,en,,0,21,4,0,72925,thedailysheeple.com,
692428106,7/13/17 10:21,Why Did Loretta Lynch Grant Trump Jr’s Russian Lawyer A Special Visa To Enter America?,http://www.thedailysheeple.com/why-did-loretta-lynch-grant-trump-jrs-russian-lawyer-a-special-visa-to-enter-america_072017,en,,0,79,0,0,72925,thedailysheeple.com,
655734571,7/11/17 15:09,Full Disclosure: Trump Jr. Releases Emails Regarding Meeting With Russian Attorney,http://www.westernjournalism.com/full-disclosure-trump-jr-releases-emails-regarding-meeting-with-russian-attorney/,en,,0,1508,0,0,6338,Western Journalism Center,
656848936,7/13/17 12:51,Report: Russian Lawyer Who Met With Trump Jr. Let Into US By Obama DOJ Under &#8216;Extraordinary Circumstances&#8217;,http://www.westernjournalism.com/report-russian-lawyer-met-trump-jr-let-us-obama-doj-extraordinary-circumstances/,en,,0,1347,1,0,6338,Western Journalism Center,
654765170,7/9/17 21:36,UNHINGED: Univ. of NH prof wants FBI to &#8216;take note&#8217; of who liked Instagram post of guy who set up Trump Jr. meeting,http://twitchy.com/gregp-3534/2017/07/09/unhinged-univ-of-nh-prof-wants-fbi-to-take-note-of-who-liked-instagram-post-of-guy-who-set-up-trump-jr-meeting/,en,,0,500,0,0,24667,Twitchy,
657644971,7/14/17 19:09,&#8216;Why is it lie after lie after lie?&#8217; Shepard Smith has on air meltdown over Trump Jr. Russia story,http://twitchy.com/gregp-3534/2017/07/14/why-is-it-lie-after-lie-after-lie-shepard-smith-has-on-air-meltdown-over-trump-jr-russia-story/,en,,0,2813,2,0,24667,Twitchy,
692563512,7/13/17 8:00,"BOMBSHELL : Russian Lawyer Who Met Don Jr. Was OPENLY ANTI-TRUMP, Ally of Mccain",http://truthfeed.com/bombshell-russian-lawyer-who-met-don-jr-was-openly-anti-trump-ally-of-john-mccain/90920/,en,,0,18470,1,0,292314,truthfeed.com,
698746922,7/13/17 8:00,BREAKING : Loretta Lynch Helped Russian Lawyer Who Met with Don Jr. Enter the U.S.,http://truthfeed.com/breaking-bombshell-loretta-lynch-helped-russian-lawyer-who-met-with-don-jr-enter-the-u-s/90880/,en,,0,73322,1,0,292314,truthfeed.com,
800800224,7/14/17 1:20,"Media OBSESSES Over Don Jr, Ignores Hillary's Russia/Uranium Connection",http://truthfeed.com/media-obsesses-over-don-jr-ignores-hillarys-russiauranium-connection/91145/,en,,0,2670,1,0,292314,truthfeed.com,
801796167,7/14/17 11:07,"The ""Russian Lawyer"" Has Been Working With Democrats for YEARS",http://truthfeed.com/the-russian-lawyer-has-been-working-with-democrats-for-years/91261/,en,,0,2937,2,0,292314,truthfeed.com,
654401966,##########,"NYT report claims Trump Jr., Kushner and Manafort met with Kremlin lawyer BEFORE election&#8230;",http://therightscoop.com/nyt-report-claims-trump-jr-kushner-and-manafort-met-with-kremlin-lawyer-before-election/,en,,0,87,0,0,24707,Right Scoop,
697284001,##########,Dishonorable Meetings and Comey's Downfall,http://www.newsmax.com/JamesAGagliano/james-comey-loretta-lynch-trump-jr/2017/07/13/id/801452/,en,,0,0,0,0,25349,NewsMax,
713124792,##########,"Cuomo, Conway Spar Over CNN's Role, Trump Coverage",http://www.Newsmax.com/Politics/cuomo-conway-spar/2017/07/10/id/800779,en,,0,0,0,0,25349,NewsMax,
713097864,##########,Russian at Trump Tower Is Said to Have Gathered Ziff Details,http://www.Newsmax.com/Finance/StreetTalk/Russia-Trump-election-campaign/2017/07/12/id/801186,en,,0,0,0,0,25349,NewsMax,
713012042,##########,Russian Lawyer Who Met Trump Jr.: I Didn't Have Clinton Campaign Info,http://www.Newsmax.com/Politics/russia-lawyer-trump-jr-clinton/2017/07/11/id/800940,en,,0,0,1,0,25349,NewsMax,
713126140,##########,Conway: Clinton Was Best Source of Her Own Negative Info,http://www.Newsmax.com/Politics/kellyanne-conway-hillary-best-source-negative/2017/07/14/id/801639,en,,0,0,0,0,25349,NewsMax,
713017473,##########,McFaul: 'Rookie Mistake' No Reason for Don Jr.'s Russian Meeting,http://www.Newsmax.com/Politics/michael-mcfaul-rookie-mistake-donald-trump-jr-meeting/2017/07/13/id/801464,en,,0,0,0,0,25349,NewsMax,
942381344,7/8/17 0:00,NYT: Donald Trump Jr. Set Up Meeting With Russian Lawyer During Campaign | Newsmax.com,https://www.newsmax.com/Politics/Donald-Trump-Jr-meeting-Russian-lawyer/2017/07/08/id/800585/,en,,0,0,1,0,25349,NewsMax,
713047790,##########,Time Cover on Trump Jr.: 'Red-Handed',http://www.Newsmax.com/Politics/time-cover-trump-jr-red-handed/2017/07/13/id/801401,en,,0,0,0,0,25349,NewsMax,
697877170,##########,Trump Heads to Paris for Bastille Day,http://www.newsmax.com/Politics/trump-france-bastille-day/2017/07/12/id/801159/,en,,0,0,0,0,25349,NewsMax,
713017756,##########,Report: Obama's DOJ Let Russian Lawyer Into US,http://www.Newsmax.com/Newsfront/lawyer-lobbyist-adoption-DOJ/2017/07/12/id/801351,en,,0,1627,0,0,25349,NewsMax,
713098603,##########,GOP Lawmaker Flores to Trump: Boot Your Kids Out of WH,http://www.Newsmax.com/Politics/GOP-lawmaker-bill-flores-trump/2017/07/14/id/801661,en,,0,0,1,0,25349,NewsMax,
690403619,##########,"Russian Lawyer Had Ties to DNC, Anti-Trump Dossier",http://www.newsmax.com/Newsfront/Russian-lawyer-ties-DNC/2017/07/09/id/800676/,en,,0,1448,1,0,25349,NewsMax,
712783177,7/14/17 23:28,BOZELL & GRAHAM: CNN's White-Whale Russia Obsession,http://www.dailywire.com/news/18624/bozell-graham-cnns-white-whale-russia-obsession-l-brent-bozell-iii,en,,0,958,0,0,269352,Daily Wire,
694913975,7/12/17 10:06,Donald Trump Jr. Wanted Dirt On Hillary From the Russian Govt. — OMG That's AWESOME!,http://www.dailywire.com/news/18503/donald-trump-jr-wanted-dirt-hillary-russian-govt-%E2%80%94-john-nolte,en,,0,9214,0,0,269352,Daily Wire,
692737824,undateable,Shock: Comey's Past Shows a Completely Different Tune Toward Obama,https://conservativetribune.com/comeys-past-obama/,en,,0,0,1,0,113634,conservativetribune.com,
692563388,##########,Obama DOJ approved entry for Russian who later met with Trump Jr.,http://www.wnd.com/2017/07/obama-doj-approved-entry-for-russian-who-later-met-with-trump-jr/#4ZR5BiveiUKptIz3.99,en,,0,769,0,0,28137,Michael Savage,
669990513,7/11/17 20:37,"Curiousor and Curiousor – Natalia Veselnitskaya Pictured With Obama Officals in DC on June 14th, 2016…",https://theconservativetreehouse.com/2017/07/11/curiousor-and-curiousor-natalia-veselnitskaya-pictured-with-obama-officals-in-dc-on-june-14th-2016/,en,,11,5116,3,9,24829,Conservative Treehouse,
657027458,7/13/17 19:43,Part II: The Defeat of ISIS &#8211; Special U.S. Presidential Envoy Brett McGurk Briefs Media on Global Coalition To Defeat ISIS&#8230;,https://theconservativetreehouse.com/2017/07/13/part-ii-the-defeat-of-isis-special-u-s-presidential-envoy-brett-mcgurk-briefs-media-on-global-coalition-to-defeat-isis/,en,,0,83,0,0,24829,Conservative Treehouse,
655794458,7/11/17 20:37,"Curiosor and Curiosor &#8211; Natalia Veselnitskaya Pictured With Obama Officals in DC on June 14th, 2016&#8230;",https://theconservativetreehouse.com/2017/07/11/curiosor-and-curiosor-natalia-veselnitskaya-pictured-with-obama-officals-in-dc-on-june-14th-2016/,en,,0,5120,2,0,24829,Conservative Treehouse,
655246678,7/10/17 20:16,Sarah Sanders and Marc Short Deliver White House Press Briefing (Audio and Transcript)&#8230;,https://theconservativetreehouse.com/2017/07/10/sarah-sanders-and-marc-short-deliver-white-house-press-briefing-audio-and-transcript/,en,,0,26,1,0,24829,Conservative Treehouse,
656507329,7/13/17 0:20,July 13th &#8211; 2017 Presidential Politics &#8211; Trump Administration Day #175,https://theconservativetreehouse.com/2017/07/13/july-13th-2017-presidential-politics-trump-administration-day-175/,en,,0,2,0,0,24829,Conservative Treehouse,
656830277,7/13/17 11:30,President Donald Trump and President Emmanuel Macron Presser &#8211; 12:30pm EDT Livestream&#8230;,https://theconservativetreehouse.com/2017/07/13/president-donald-trump-and-president-emmanuel-macron-presser-1230pm-edt-livestream/,en,,0,28,0,0,24829,Conservative Treehouse,
805966855,7/14/17 14:03,Russian-American lobbyist also in Donald Trump Jr. meeting identified,http://www.washingtonexaminer.com/russian-american-lobbyist-also-in-donald-trump-jr-meeting-identified-as-rinat-akhmetshin/article/2628668,en,,0,72,0,0,6443,Washington Examiner,
933984399,7/11/17 0:00,Sebastian Gorka on Donald Trump Jr. meeting: Gathering dirt on rivals is 'what political campaigns do',https://www.washingtonexaminer.com/sebastian-gorka-on-donald-trump-jr-meeting-gathering-dirt-on-rivals-is-what-political-campaigns-do/article/2628261,en,,0,0,0,0,6443,Washington Examiner,
658763576,7/11/17 19:16,Byron York: Trump-Russia investigation takes sharp turn toward the dumb,http://www.washingtonexaminer.com/byron-york-trump-russia-investigation-takes-sharp-turn-toward-the-dumb/article/2628368,en,,0,686,0,0,6443,Washington Examiner,
655573055,7/11/17 11:11,Donald Trump Jr. on offer of incriminating information on Hillary Clinton from Russian government: 'Love it',http://www.washingtonexaminer.com/article/2628264,en,,0,363,0,0,6443,Washington Examiner,
664347319,7/10/17 7:03,Kremlin denies knowledge of Trump Jr. meeting with Russian lawyer,http://www.washingtonexaminer.com/kremlin-denies-knowledge-of-trump-jr-meeting-with-russian-lawyer/article/2628150,en,,0,132,1,0,6443,Washington Examiner,
655666101,7/11/17 14:19,Congressional Democrats say Donald Trump Jr.'s emails show collusion and treason,http://www.washingtonexaminer.com/article/2628298,en,,0,0,0,0,6443,Washington Examiner,
721595899,7/11/17 15:55,Donald Trump Jr. says he never told his father about Russian meeting,http://www.washingtonexaminer.com/donald-trump-jr-says-he-never-told-his-father-about-russian-meeting/article/2628356,en,,0,343,0,0,6443,Washington Examiner,
657579169,7/14/17 17:01,Sixth person who attended Trump Jr. meeting with Russian lawyer identified,http://www.washingtonexaminer.com/article/2628723,en,,0,0,0,0,6443,Washington Examiner,
662130638,7/9/17 12:56,Donald Trump Jr. met with Kremlin-connected lawyer after promise of dirt on Hillary Clinton: report,http://www.washingtonexaminer.com/donald-trump-jr-met-with-kremlin-connected-lawyer-after-promise-of-dirt-on-hillary-clinton-report/article/2628122,en,,0,690,0,0,6443,Washington Examiner,
1004383677,7/13/17 0:00,"No, President Trump, most people wouldn't meet with a Russian lawyer",https://www.washingtonexaminer.com/no-president-trump-most-people-wouldnt-meet-with-a-russian-lawyer,en,,0,0,0,0,6443,Washington Examiner,
657607431,7/14/17 17:46,House Democrats ask what Ivanka Trump knew about Jared Kushner's Russian contacts,http://www.washingtonexaminer.com/article/2628734,en,,0,11,1,0,6443,Washington Examiner,
721734667,7/11/17 8:14,"Nancy Pelosi calls for Trump Jr., Manafort, Kushner to testify on meeting with Russian lawyer",http://www.washingtonexaminer.com/nancy-pelosi-calls-for-trump-jr-manafort-kushner-to-testify-on-meeting-with-russian-lawyer/article/2628272,en,,0,5,0,0,6443,Washington Examiner,
1038246457,7/14/17 0:00,Russian attorney who met with Donald Trump Jr. had conversations with top Kremlin prosecutor: Report,https://www.washingtonexaminer.com/russian-attorney-who-met-with-donald-trump-jr-had-conversations-with-top-kremlin-prosecutor-report,en,,0,0,0,0,6443,Washington Examiner,
806550041,7/14/17 20:56,Sixth person who attended Donald Trump Jr. meeting with Russian lawyer identified,http://www.washingtonexaminer.com/sixth-person-who-attended-donald-trump-jr-meeting-with-russian-lawyer-identified/article/2628723,en,,0,8,0,0,6443,Washington Examiner,
1038246401,7/13/17 0:00,Jared Kushner added 100 names to his list of foreign contacts: Report,https://www.washingtonexaminer.com/jared-kushner-added-100-names-to-his-list-of-foreign-contacts-report,en,,0,0,0,0,6443,Washington Examiner,
692390525,7/11/17 12:06,Julian Assange says he urged Donald Trump Jr. to publish emails on WikiLeaks,http://www.washingtonexaminer.com/julian-assange-says-he-urged-donald-trump-jr-to-publish-emails-on-wikileaks/article/2628318,en,,0,251,0,0,6443,Washington Examiner,
656314579,7/12/17 15:41,"Who is Rob Goldstone, the British publicist in Donald Trump Jr.'s emails?",http://www.washingtonexaminer.com/article/2628446,en,,0,27,1,0,6443,Washington Examiner,
1038216870,7/14/17 0:00,Ex-Russian spy attended Trump Jr. meeting with Russian lawyer: Report,https://www.washingtonexaminer.com/ex-russian-spy-attended-trump-jr-meeting-with-russian-lawyer-report,en,,0,26,0,0,6443,Washington Examiner,
657440429,7/14/17 5:04,CNN's White-Whale Russia Obsession,http://www.cnsnews.com/commentary/l-brent-bozell-iii/cnns-white-whale-russia-obsession,en,,0,585,0,0,20357,CNS News,
657017730,7/13/17 19:49,Trump on the Paris Climate Accord: ‘Something Could Happen … We’ll See’,http://www.cnsnews.com/news/article/fay-al-benhassain/trump-paris-climate-accord-something-could-happen-well-see,en,,0,130,0,0,20357,CNS News,
699108462,7/11/17 15:07,"Trump Jr. Releases Emails About Russian Meeting, Kaine Saying 'Treason'",https://thefederalist.com/2017/07/11/donald-trump-jr-releases-emails-with-russians-sen-tim-kaine-already-suggesting-treason/,en,,0,0,1,0,366282,thefederalist.com,